Provider Code,Provider Name,Provider Parent Code,Provider Parent Name
NPR01,ABOUT HEALTH HQ,QSL,NHS SOMERSET INTEGRATED CARE BOARD
S0L9O,ACES BIRMINGHAM,QHL,NHS BIRMINGHAM AND SOLIHULL INTEGRATED CARE BOARD
D1V5N,ACES BOLTON,QOP,NHS GREATER MANCHESTER INTEGRATED CARE BOARD
E6F9I,ACES BRADFORD,QWO,NHS WEST YORKSHIRE INTEGRATED CARE BOARD
T1T4S,ACES BRISTOL,QUY,"NHS BRISTOL, NORTH SOMERSET AND SOUTH GLOUCESTERSHIRE INTEGRATED CARE BOARD"
H3W7Q,ACES CHELMSFORD,QH8,NHS MID AND SOUTH ESSEX INTEGRATED CARE BOARD
U6A5N,ACES CHISWICK,QRV,NHS NORTH WEST LONDON INTEGRATED CARE BOARD
Z4F8Y,ACES DARTFORD,QKS,NHS KENT AND MEDWAY INTEGRATED CARE BOARD
N1M9Z,ACES EXETER,QJK,NHS DEVON INTEGRATED CARE BOARD
F2C9F,ACES HARLEY STREET,QRV,NHS NORTH WEST LONDON INTEGRATED CARE BOARD
X7M7U,ACES LAKESIDE,QH8,NHS MID AND SOUTH ESSEX INTEGRATED CARE BOARD
X0R3Y,ACES LEEDS KING STREET,QWO,NHS WEST YORKSHIRE INTEGRATED CARE BOARD
P1G3N,ACES LEEDS WHITE ROSE,QWO,NHS WEST YORKSHIRE INTEGRATED CARE BOARD
T1I9W,ACES LINCOLN,QJM,NHS LINCOLNSHIRE INTEGRATED CARE BOARD
D2L5T,ACES LIVERPOOL,QYG,NHS CHESHIRE AND MERSEYSIDE INTEGRATED CARE BOARD
X1M4L,ACES MAIDSTONE,QKS,NHS KENT AND MEDWAY INTEGRATED CARE BOARD
W7J4C,ACES MANCHESTER,QOP,NHS GREATER MANCHESTER INTEGRATED CARE BOARD
N1L8R,ACES MANCHESTER ST JOHNS STREET,QOP,NHS GREATER MANCHESTER INTEGRATED CARE BOARD
S8O6A,ACES MANCHESTER TRAFFORD,QOP,NHS GREATER MANCHESTER INTEGRATED CARE BOARD
U1P4Z,ACES MILTON KEYNES,QHG,"NHS BEDFORDSHIRE, LUTON AND MILTON KEYNES INTEGRATED CARE BOARD"
I7G8X,ACES NEWCASTLE,QHM,NHS NORTH EAST AND NORTH CUMBRIA INTEGRATED CARE BOARD
A4Y8X,ACES NOTTINGHAM,QT1,NHS NOTTINGHAM AND NOTTINGHAMSHIRE INTEGRATED CARE BOARD
O1B1P,ACES PLYMOUTH,QJK,NHS DEVON INTEGRATED CARE BOARD
Q4W9A,ACES SOUTHAMPTON,QRL,NHS HAMPSHIRE AND ISLE OF WIGHT INTEGRATED CARE BOARD
Y7W8F,ACES SOUTHAMPTON - EAST ST,QRL,NHS HAMPSHIRE AND ISLE OF WIGHT INTEGRATED CARE BOARD
N8Z8E,ACES TORQUAY,QJK,NHS DEVON INTEGRATED CARE BOARD
A9P5F,ACES WHITE CITY,QRV,NHS NORTH WEST LONDON INTEGRATED CARE BOARD
X7Y2H,ACES WILMSLOW,QYG,NHS CHESHIRE AND MERSEYSIDE INTEGRATED CARE BOARD
RCF,AIREDALE NHS FOUNDATION TRUST,QWO,NHS WEST YORKSHIRE INTEGRATED CARE BOARD
RBS,ALDER HEY CHILDREN'S NHS FOUNDATION TRUST,QYG,NHS CHESHIRE AND MERSEYSIDE INTEGRATED CARE BOARD
NT401,ALEXANDRA HOSPITAL,QOP,NHS GREATER MANCHESTER INTEGRATED CARE BOARD
F7B2B,ANGLIA COMMUNITY EYE SERVICE - BURY ST EDMUNDS,QJG,NHS SUFFOLK AND NORTH EAST ESSEX INTEGRATED CARE BOARD
H7X1I,ANGLIA COMMUNITY EYE SERVICE - CAMBRIDGE,QUE,NHS CAMBRIDGESHIRE AND PETERBOROUGH INTEGRATED CARE BOARD
K7J9E,ANGLIA COMMUNITY EYE SERVICE - NORWICH,QMM,NHS NORFOLK AND WAVENEY INTEGRATED CARE BOARD
O9Q4E,ANGLIA COMMUNITY EYE SERVICE - PETERBOROUGH,QUE,NHS CAMBRIDGESHIRE AND PETERBOROUGH INTEGRATED CARE BOARD
NX507,ANGLIA COMMUNITY EYE SERVICE - THETFORD HEALTHY LIVING CENTRE,QMM,NHS NORFOLK AND WAVENEY INTEGRATED CARE BOARD
NX5,ANGLIA COMMUNITY EYE SERVICE LTD,QUE,NHS CAMBRIDGESHIRE AND PETERBOROUGH INTEGRATED CARE BOARD
NX501,ANGLIA COMMUNITY EYE SERVICE LTD,QUE,NHS CAMBRIDGESHIRE AND PETERBOROUGH INTEGRATED CARE BOARD
NX504,ANGLIA COMMUNITY EYE SERVICES FAKENHAM,QMM,NHS NORFOLK AND WAVENEY INTEGRATED CARE BOARD
RTK,ASHFORD AND ST PETER'S HOSPITALS NHS FOUNDATION TRUST,QXU,NHS SURREY HEARTLANDS INTEGRATED CARE BOARD
NVC01,ASHTEAD HOSPITAL,QXU,NHS SURREY HEARTLANDS INTEGRATED CARE BOARD
NYW17,ASPEN HEALTHCARE - MIDLAND EYE,QHL,NHS BIRMINGHAM AND SOLIHULL INTEGRATED CARE BOARD
RF4,"BARKING, HAVERING AND REDBRIDGE UNIVERSITY HOSPITALS NHS TRUST",QMF,NHS NORTH EAST LONDON INTEGRATED CARE BOARD
RFF,BARNSLEY HOSPITAL NHS FOUNDATION TRUST,QF7,NHS SOUTH YORKSHIRE INTEGRATED CARE BOARD
R1H,BARTS HEALTH NHS TRUST,QMF,NHS NORTH EAST LONDON INTEGRATED CARE BOARD
NT402,BATH CLINIC,QOX,"NHS BATH AND NORTH EAST SOMERSET, SWINDON AND WILTSHIRE INTEGRATED CARE BOARD"
NRP,BEACON MEDICAL SERVICES GROUP LIMITED,QOP,NHS GREATER MANCHESTER INTEGRATED CARE BOARD
NVC0I,BEACON PARK HOSPITAL,QNC,NHS STAFFORDSHIRE AND STOKE-ON-TRENT INTEGRATED CARE BOARD
NT403,BEARDWOOD HOSPITAL,QE1,NHS LANCASHIRE AND SOUTH CUMBRIA INTEGRATED CARE BOARD
NT404,BEAUMONT HOSPITAL,QOP,NHS GREATER MANCHESTER INTEGRATED CARE BOARD
RC9,BEDFORDSHIRE HOSPITALS NHS FOUNDATION TRUST,QHG,"NHS BEDFORDSHIRE, LUTON AND MILTON KEYNES INTEGRATED CARE BOARD"
NWF01,BENENDEN HOSPITAL,QKS,NHS KENT AND MEDWAY INTEGRATED CARE BOARD
RWX,BERKSHIRE HEALTHCARE NHS FOUNDATION TRUST,QNQ,NHS FRIMLEY INTEGRATED CARE BOARD
NP9,BESPOKE HEALTHCARE LTD,QE1,NHS LANCASHIRE AND SOUTH CUMBRIA INTEGRATED CARE BOARD
RYW,BIRMINGHAM COMMUNITY HEALTHCARE NHS FOUNDATION TRUST,QHL,NHS BIRMINGHAM AND SOLIHULL INTEGRATED CARE BOARD
RQ3,BIRMINGHAM WOMEN'S AND CHILDREN'S NHS FOUNDATION TRUST,QHL,NHS BIRMINGHAM AND SOLIHULL INTEGRATED CARE BOARD
NT405,BISHOPS WOOD HOSPITAL,QRV,NHS NORTH WEST LONDON INTEGRATED CARE BOARD
NT406,BLACKHEATH HOSPITAL,QKK,NHS SOUTH EAST LONDON INTEGRATED CARE BOARD
RXL,BLACKPOOL TEACHING HOSPITALS NHS FOUNDATION TRUST,QE1,NHS LANCASHIRE AND SOUTH CUMBRIA INTEGRATED CARE BOARD
NVC31,BLAKELANDS HOSPITAL,QHG,"NHS BEDFORDSHIRE, LUTON AND MILTON KEYNES INTEGRATED CARE BOARD"
RMC,BOLTON NHS FOUNDATION TRUST,QOP,NHS GREATER MANCHESTER INTEGRATED CARE BOARD
R5J3Z,BORDER HEALTH ALLIANCE LIMITED,QGH,NHS HEREFORDSHIRE AND WORCESTERSHIRE INTEGRATED CARE BOARD
NVC27,BOSTON WEST HOSPITAL,QJM,NHS LINCOLNSHIRE INTEGRATED CARE BOARD
TAD,BRADFORD DISTRICT CARE NHS FOUNDATION TRUST,QWO,NHS WEST YORKSHIRE INTEGRATED CARE BOARD
RAE,BRADFORD TEACHING HOSPITALS NHS FOUNDATION TRUST,QWO,NHS WEST YORKSHIRE INTEGRATED CARE BOARD
RXQ,BUCKINGHAMSHIRE HEALTHCARE NHS TRUST,QU9,"NHS BUCKINGHAMSHIRE, OXFORDSHIRE AND BERKSHIRE WEST INTEGRATED CARE BOARD"
A4M8P,BUCKSHAW HOSPITAL,QE1,NHS LANCASHIRE AND SOUTH CUMBRIA INTEGRATED CARE BOARD
RWY,CALDERDALE AND HUDDERSFIELD NHS FOUNDATION TRUST,QWO,NHS WEST YORKSHIRE INTEGRATED CARE BOARD
RGT,CAMBRIDGE UNIVERSITY HOSPITALS NHS FOUNDATION TRUST,QUE,NHS CAMBRIDGESHIRE AND PETERBOROUGH INTEGRATED CARE BOARD
RT1,CAMBRIDGESHIRE AND PETERBOROUGH NHS FOUNDATION TRUST,QUE,NHS CAMBRIDGESHIRE AND PETERBOROUGH INTEGRATED CARE BOARD
NL3,CARE PLUS GROUP,QOQ,NHS HUMBER AND NORTH YORKSHIRE INTEGRATED CARE BOARD
NT451,CAVELL HOSPITAL,QMJ,NHS NORTH CENTRAL LONDON INTEGRATED CARE BOARD
RV3,CENTRAL AND NORTH WEST LONDON NHS FOUNDATION TRUST,QMJ,NHS NORTH CENTRAL LONDON INTEGRATED CARE BOARD
U0K8N,CES MEDICAL,QKS,NHS KENT AND MEDWAY INTEGRATED CARE BOARD
NT408,CHAUCER HOSPITAL,QKS,NHS KENT AND MEDWAY INTEGRATED CARE BOARD
RQM,CHELSEA AND WESTMINSTER HOSPITAL NHS FOUNDATION TRUST,QRV,NHS NORTH WEST LONDON INTEGRATED CARE BOARD
NT409,CHELSFIELD PARK HOSPITAL,QKK,NHS SOUTH EAST LONDON INTEGRATED CARE BOARD
RFS,CHESTERFIELD ROYAL HOSPITAL NHS FOUNDATION TRUST,QJ2,NHS DERBY AND DERBYSHIRE INTEGRATED CARE BOARD
NT410,CHILTERN HOSPITAL,QU9,"NHS BUCKINGHAMSHIRE, OXFORDSHIRE AND BERKSHIRE WEST INTEGRATED CARE BOARD"
F9Z4V,CIRCLE READING HOSPITAL,QU9,"NHS BUCKINGHAMSHIRE, OXFORDSHIRE AND BERKSHIRE WEST INTEGRATED CARE BOARD"
B3M1X,CLAREMONT PRIVATE HOSPITAL,QF7,NHS SOUTH YORKSHIRE INTEGRATED CARE BOARD
NT411,CLEMENTINE CHURCHILL HOSPITAL,QRV,NHS NORTH WEST LONDON INTEGRATED CARE BOARD
NVC28,CLIFTON PARK HOSPITAL,QOQ,NHS HUMBER AND NORTH YORKSHIRE INTEGRATED CARE BOARD
NVC29,COBALT HOSPITAL,QHM,NHS NORTH EAST AND NORTH CUMBRIA INTEGRATED CARE BOARD
NWV01,COHESE HEALTHCARE,QUY,"NHS BRISTOL, NORTH SOMERSET AND SOUTH GLOUCESTERSHIRE INTEGRATED CARE BOARD"
NLG,COMMUNITAS CLINICS,QWE,NHS SOUTH WEST LONDON INTEGRATED CARE BOARD
AAV,COMMUNITY HEALTH AND EYECARE LIMITED,QE1,NHS LANCASHIRE AND SOUTH CUMBRIA INTEGRATED CARE BOARD
NMG,CONNECT HEALTH LIMITED,QHM,NHS NORTH EAST AND NORTH CUMBRIA INTEGRATED CARE BOARD
NYR,CORA HEALTH DIAGNOSTICS (FORMERLY HEALTHSHARE DIAGNOSTICS),QKS,NHS KENT AND MEDWAY INTEGRATED CARE BOARD
NMG,CORA HEALTH MSK (FORMERLY CONNECT HEALTH LTD),QHM,NHS NORTH EAST AND NORTH CUMBRIA INTEGRATED CARE BOARD
RJ8,CORNWALL PARTNERSHIP NHS FOUNDATION TRUST,QT6,NHS CORNWALL AND THE ISLES OF SCILLY INTEGRATED CARE BOARD
DFY01,COTSWOLDS SURGICAL PARTNERS,QOX,"NHS BATH AND NORTH EAST SOMERSET, SWINDON AND WILTSHIRE INTEGRATED CARE BOARD"
RJR,COUNTESS OF CHESTER HOSPITAL NHS FOUNDATION TRUST,QYG,NHS CHESHIRE AND MERSEYSIDE INTEGRATED CARE BOARD
RXP,COUNTY DURHAM AND DARLINGTON NHS FOUNDATION TRUST,QHM,NHS NORTH EAST AND NORTH CUMBRIA INTEGRATED CARE BOARD
RJ6,CROYDON HEALTH SERVICES NHS TRUST,QWE,NHS SOUTH WEST LONDON INTEGRATED CARE BOARD
RX4,"CUMBRIA, NORTHUMBERLAND, TYNE AND WEAR NHS FOUNDATION TRUST",QHM,NHS NORTH EAST AND NORTH CUMBRIA INTEGRATED CARE BOARD
RN7,DARTFORD AND GRAVESHAM NHS TRUST,QKS,NHS KENT AND MEDWAY INTEGRATED CARE BOARD
NVL,DMC DERMATOLOGY,QOP,NHS GREATER MANCHESTER INTEGRATED CARE BOARD
NCN,DMC HEALTHCARE,QKK,NHS SOUTH EAST LONDON INTEGRATED CARE BOARD
RP5,DONCASTER AND BASSETLAW TEACHING HOSPITALS NHS FOUNDATION TRUST,QF7,NHS SOUTH YORKSHIRE INTEGRATED CARE BOARD
NNE,DORKING HEALTHCARE LIMITED (DHC),QXU,NHS SURREY HEARTLANDS INTEGRATED CARE BOARD
RBD,DORSET COUNTY HOSPITAL NHS FOUNDATION TRUST,QVV,NHS DORSET INTEGRATED CARE BOARD
NT412,DROITWICH SPA HOSPITAL,QGH,NHS HEREFORDSHIRE AND WORCESTERSHIRE INTEGRATED CARE BOARD
NT447,DUCHY HOSPITAL,QOQ,NHS HUMBER AND NORTH YORKSHIRE INTEGRATED CARE BOARD
NVC04,DUCHY HOSPITAL,QT6,NHS CORNWALL AND THE ISLES OF SCILLY INTEGRATED CARE BOARD
RWH,EAST AND NORTH HERTFORDSHIRE NHS TRUST,QM7,NHS HERTFORDSHIRE AND WEST ESSEX INTEGRATED CARE BOARD
RWH,EAST AND NORTH HERTFORDSHIRE TEACHING NHS TRUST,QM7,NHS HERTFORDSHIRE AND WEST ESSEX INTEGRATED CARE BOARD
RJN,EAST CHESHIRE NHS TRUST,QYG,NHS CHESHIRE AND MERSEYSIDE INTEGRATED CARE BOARD
RVV,EAST KENT HOSPITALS UNIVERSITY NHS FOUNDATION TRUST,QKS,NHS KENT AND MEDWAY INTEGRATED CARE BOARD
RXR,EAST LANCASHIRE HOSPITALS NHS TRUST,QE1,NHS LANCASHIRE AND SOUTH CUMBRIA INTEGRATED CARE BOARD
RDE,EAST SUFFOLK AND NORTH ESSEX NHS FOUNDATION TRUST,QJG,NHS SUFFOLK AND NORTH EAST ESSEX INTEGRATED CARE BOARD
RXC,EAST SUSSEX HEALTHCARE NHS TRUST,QNX,NHS SUSSEX INTEGRATED CARE BOARD
NT445,EDGBASTON HOSPITAL,QHL,NHS BIRMINGHAM AND SOLIHULL INTEGRATED CARE BOARD
8KL73,ENDOCARE DIAGNOSTICS,QOP,NHS GREATER MANCHESTER INTEGRATED CARE BOARD
M9U8M,ENDOCARE DIAGNOSTICS LTD,QOP,NHS GREATER MANCHESTER INTEGRATED CARE BOARD
RVR,EPSOM AND ST HELIER UNIVERSITY HOSPITALS NHS TRUST,QWE,NHS SOUTH WEST LONDON INTEGRATED CARE BOARD
NVM,EPSOMEDICAL GROUP,QXU,NHS SURREY HEARTLANDS INTEGRATED CARE BOARD
R1L,ESSEX PARTNERSHIP UNIVERSITY NHS FOUNDATION TRUST,QH8,NHS MID AND SOUTH ESSEX INTEGRATED CARE BOARD
NVC05,EUXTON HALL HOSPITAL,QE1,NHS LANCASHIRE AND SOUTH CUMBRIA INTEGRATED CARE BOARD
NVC0Y,EXETER MEDICAL,QJK,NHS DEVON INTEGRATED CARE BOARD
ACM,EYE CARE MEDICAL LTD,QYG,NHS CHESHIRE AND MERSEYSIDE INTEGRATED CARE BOARD
NVG01,FAIRFIELD HOSPITAL,QYG,NHS CHESHIRE AND MERSEYSIDE INTEGRATED CARE BOARD
Y9S1N,FAIRFIELD INDEPENDENT HOSPITAL,QYG,NHS CHESHIRE AND MERSEYSIDE INTEGRATED CARE BOARD
NDJ,FIRST COMMUNITY HEALTH AND CARE CIC,QXU,NHS SURREY HEARTLANDS INTEGRATED CARE BOARD
NVC06,FITZWILLIAM HOSPITAL,QUE,NHS CAMBRIDGESHIRE AND PETERBOROUGH INTEGRATED CARE BOARD
RDU,FRIMLEY HEALTH NHS FOUNDATION TRUST,QNQ,NHS FRIMLEY INTEGRATED CARE BOARD
NVC07,FULWOOD HALL HOSPITAL,QE1,NHS LANCASHIRE AND SOUTH CUMBRIA INTEGRATED CARE BOARD
RR7,GATESHEAD HEALTH NHS FOUNDATION TRUST,QHM,NHS NORTH EAST AND NORTH CUMBRIA INTEGRATED CARE BOARD
RLT,GEORGE ELIOT HOSPITAL NHS TRUST,QWU,NHS COVENTRY AND WARWICKSHIRE INTEGRATED CARE BOARD
K8I4X,GLENDON WOOD HOSPITAL,QPM,NHS NORTHAMPTONSHIRE INTEGRATED CARE BOARD
RTE,GLOUCESTERSHIRE HOSPITALS NHS FOUNDATION TRUST,QR1,NHS GLOUCESTERSHIRE INTEGRATED CARE BOARD
NT417,GORING HALL HOSPITAL,QNX,NHS SUSSEX INTEGRATED CARE BOARD
NWV01,GP CARE UK,QUY,"NHS BRISTOL, NORTH SOMERSET AND SOUTH GLOUCESTERSHIRE INTEGRATED CARE BOARD"
RP4,GREAT ORMOND STREET HOSPITAL FOR CHILDREN NHS FOUNDATION TRUST,QMJ,NHS NORTH CENTRAL LONDON INTEGRATED CARE BOARD
RN3,GREAT WESTERN HOSPITALS NHS FOUNDATION TRUST,QOX,"NHS BATH AND NORTH EAST SOMERSET, SWINDON AND WILTSHIRE INTEGRATED CARE BOARD"
RJ1,GUY'S AND ST THOMAS' NHS FOUNDATION TRUST,QKK,NHS SOUTH EAST LONDON INTEGRATED CARE BOARD
RW1,HAMPSHIRE AND ISLE OF WIGHT HEALTHCARE NHS FOUNDATION TRUST,QRL,NHS HAMPSHIRE AND ISLE OF WIGHT INTEGRATED CARE BOARD
NT418,HAMPSHIRE CLINIC,QRL,NHS HAMPSHIRE AND ISLE OF WIGHT INTEGRATED CARE BOARD
RN5,HAMPSHIRE HOSPITALS NHS FOUNDATION TRUST,QRL,NHS HAMPSHIRE AND ISLE OF WIGHT INTEGRATED CARE BOARD
NT419,HARBOUR HOSPITAL,QVV,NHS DORSET INTEGRATED CARE BOARD
RCD,HARROGATE AND DISTRICT NHS FOUNDATION TRUST,QOQ,NHS HUMBER AND NORTH YORKSHIRE INTEGRATED CARE BOARD
S5E5Y,HCRG CARE DERMATOLOGY THE IRONSTONE CENTRE,QOQ,NHS HUMBER AND NORTH YORKSHIRE INTEGRATED CARE BOARD
NQTH0,HCRG CARE EAST RIDING LLP,QOQ,NHS HUMBER AND NORTH YORKSHIRE INTEGRATED CARE BOARD
NYR,HEALTHSHARE DIAGNOSTICS,QKS,NHS KENT AND MEDWAY INTEGRATED CARE BOARD
NRL,HEART NETWORKS,QOP,NHS GREATER MANCHESTER INTEGRATED CARE BOARD
NT416,HENDON HOSPITAL,QMJ,NHS NORTH CENTRAL LONDON INTEGRATED CARE BOARD
NWX,HERE,QNX,NHS SUSSEX INTEGRATED CARE BOARD
R1A,HEREFORDSHIRE AND WORCESTERSHIRE HEALTH AND CARE NHS TRUST,QGH,NHS HEREFORDSHIRE AND WORCESTERSHIRE INTEGRATED CARE BOARD
NT420,HIGHFIELD HOSPITAL,QOP,NHS GREATER MANCHESTER INTEGRATED CARE BOARD
RQX,HOMERTON HEALTHCARE NHS FOUNDATION TRUST,QMF,NHS NORTH EAST LONDON INTEGRATED CARE BOARD
NT448,HUDDERSFIELD HOSPITAL,QWO,NHS WEST YORKSHIRE INTEGRATED CARE BOARD
NT448,HUDDERSFIELD PRIVATE HOSPITAL,QWO,NHS WEST YORKSHIRE INTEGRATED CARE BOARD
RWA,HULL UNIVERSITY TEACHING HOSPITALS NHS TRUST,QOQ,NHS HUMBER AND NORTH YORKSHIRE INTEGRATED CARE BOARD
RYJ,IMPERIAL COLLEGE HEALTHCARE NHS TRUST,QRV,NHS NORTH WEST LONDON INTEGRATED CARE BOARD
NXP,INDEPENDENT HEALTH GROUP,QOX,"NHS BATH AND NORTH EAST SOMERSET, SWINDON AND WILTSHIRE INTEGRATED CARE BOARD"
NV1,INHEALTH LIMITED,QU9,"NHS BUCKINGHAMSHIRE, OXFORDSHIRE AND BERKSHIRE WEST INTEGRATED CARE BOARD"
NCR,ISIGHT,QYG,NHS CHESHIRE AND MERSEYSIDE INTEGRATED CARE BOARD
R1F,ISLE OF WIGHT NHS TRUST,QRL,NHS HAMPSHIRE AND ISLE OF WIGHT INTEGRATED CARE BOARD
RGP,JAMES PAGET UNIVERSITY HOSPITALS NHS FOUNDATION TRUST,QMM,NHS NORFOLK AND WAVENEY INTEGRATED CARE BOARD
RYY,KENT COMMUNITY HEALTH NHS FOUNDATION TRUST,QKS,NHS KENT AND MEDWAY INTEGRATED CARE BOARD
RNQ,KETTERING GENERAL HOSPITAL NHS FOUNDATION TRUST,QPM,NHS NORTHAMPTONSHIRE INTEGRATED CARE BOARD
ADP02,KIMS HOSPITAL (NEWNHAM COURT),QKS,NHS KENT AND MEDWAY INTEGRATED CARE BOARD
RJZ,KING'S COLLEGE HOSPITAL NHS FOUNDATION TRUST,QKK,NHS SOUTH EAST LONDON INTEGRATED CARE BOARD
NT421,KINGS OAK HOSPITAL,QMJ,NHS NORTH CENTRAL LONDON INTEGRATED CARE BOARD
RAX,KINGSTON AND RICHMOND NHS FOUNDATION TRUST,QWE,NHS SOUTH WEST LONDON INTEGRATED CARE BOARD
RAX,KINGSTON HOSPITAL NHS FOUNDATION TRUST,QWE,NHS SOUTH WEST LONDON INTEGRATED CARE BOARD
RW5,LANCASHIRE & SOUTH CUMBRIA NHS FOUNDATION TRUST,QE1,NHS LANCASHIRE AND SOUTH CUMBRIA INTEGRATED CARE BOARD
RXN,LANCASHIRE TEACHING HOSPITALS NHS FOUNDATION TRUST,QE1,NHS LANCASHIRE AND SOUTH CUMBRIA INTEGRATED CARE BOARD
NT449,LANCASTER HOSPITAL,QE1,NHS LANCASHIRE AND SOUTH CUMBRIA INTEGRATED CARE BOARD
NLE01,LANCASTER HOUSE CONSULTING DIAGNOSTICS SURGICAL LTD HQ,QOP,NHS GREATER MANCHESTER INTEGRATED CARE BOARD
NT449,LANCASTER PRIVATE HOSPITAL,QE1,NHS LANCASHIRE AND SOUTH CUMBRIA INTEGRATED CARE BOARD
RY6,LEEDS COMMUNITY HEALTHCARE NHS TRUST,QWO,NHS WEST YORKSHIRE INTEGRATED CARE BOARD
RR8,LEEDS TEACHING HOSPITALS NHS TRUST,QWO,NHS WEST YORKSHIRE INTEGRATED CARE BOARD
RJ2,LEWISHAM AND GREENWICH NHS TRUST,QKK,NHS SOUTH EAST LONDON INTEGRATED CARE BOARD
NT450,LINCOLN HOSPITAL,QJM,NHS LINCOLNSHIRE INTEGRATED CARE BOARD
NT450,LINCOLN PRIVATE HOSPITAL,QJM,NHS LINCOLNSHIRE INTEGRATED CARE BOARD
RP7,LINCOLNSHIRE PARTNERSHIP NHS FOUNDATION TRUST,QJM,NHS LINCOLNSHIRE INTEGRATED CARE BOARD
RBQ,LIVERPOOL HEART AND CHEST HOSPITAL NHS FOUNDATION TRUST,QYG,NHS CHESHIRE AND MERSEYSIDE INTEGRATED CARE BOARD
REM,LIVERPOOL UNIVERSITY HOSPITALS NHS FOUNDATION TRUST,QYG,NHS CHESHIRE AND MERSEYSIDE INTEGRATED CARE BOARD
REP,LIVERPOOL WOMEN'S NHS FOUNDATION TRUST,QYG,NHS CHESHIRE AND MERSEYSIDE INTEGRATED CARE BOARD
NR5,LIVEWELL SOUTHWEST,QJK,NHS DEVON INTEGRATED CARE BOARD
NL8,LOCALA COMMUNITY PARTNERSHIPS CIC,QWO,NHS WEST YORKSHIRE INTEGRATED CARE BOARD
NT422,LONDON INDEPENDENT HOSPITAL,QMF,NHS NORTH EAST LONDON INTEGRATED CARE BOARD
R1K,LONDON NORTH WEST UNIVERSITY HEALTHCARE NHS TRUST,QRV,NHS NORTH WEST LONDON INTEGRATED CARE BOARD
RWF,MAIDSTONE AND TUNBRIDGE WELLS NHS TRUST,QKS,NHS KENT AND MEDWAY INTEGRATED CARE BOARD
NN5,MANCHESTER SURGICAL SERVICES LTD,QOP,NHS GREATER MANCHESTER INTEGRATED CARE BOARD
R0A,MANCHESTER UNIVERSITY NHS FOUNDATION TRUST,QOP,NHS GREATER MANCHESTER INTEGRATED CARE BOARD
NT423,MANOR HOSPITAL,QHG,"NHS BEDFORDSHIRE, LUTON AND MILTON KEYNES INTEGRATED CARE BOARD"
AY1,MEDEFER,QMJ,NHS NORTH CENTRAL LONDON INTEGRATED CARE BOARD
RPA,MEDWAY NHS FOUNDATION TRUST,QKS,NHS KENT AND MEDWAY INTEGRATED CARE BOARD
NT424,MERIDEN HOSPITAL,QWU,NHS COVENTRY AND WARWICKSHIRE INTEGRATED CARE BOARD
RBN,MERSEY AND WEST LANCASHIRE TEACHING HOSPITALS NHS TRUST,QYG,NHS CHESHIRE AND MERSEYSIDE INTEGRATED CARE BOARD
RW4,MERSEY CARE NHS FOUNDATION TRUST,QYG,NHS CHESHIRE AND MERSEYSIDE INTEGRATED CARE BOARD
RAJ,MID AND SOUTH ESSEX NHS FOUNDATION TRUST,QH8,NHS MID AND SOUTH ESSEX INTEGRATED CARE BOARD
RBT,MID CHESHIRE HOSPITALS NHS FOUNDATION TRUST,QYG,NHS CHESHIRE AND MERSEYSIDE INTEGRATED CARE BOARD
RXF,MID YORKSHIRE TEACHING NHS TRUST,QWO,NHS WEST YORKSHIRE INTEGRATED CARE BOARD
S4E3I,MIDLAND EYE (EYE-DOCS LTD),QHL,NHS BIRMINGHAM AND SOLIHULL INTEGRATED CARE BOARD
RRE,MIDLANDS PARTNERSHIP NHS FOUNDATION TRUST,QNC,NHS STAFFORDSHIRE AND STOKE-ON-TRENT INTEGRATED CARE BOARD
RRE,MIDLANDS PARTNERSHIP UNIVERSITY NHS FOUNDATION TRUST,QNC,NHS STAFFORDSHIRE AND STOKE-ON-TRENT INTEGRATED CARE BOARD
RD8,MILTON KEYNES UNIVERSITY HOSPITAL NHS FOUNDATION TRUST,QHG,"NHS BEDFORDSHIRE, LUTON AND MILTON KEYNES INTEGRATED CARE BOARD"
RP6,MOORFIELDS EYE HOSPITAL NHS FOUNDATION TRUST,QMJ,NHS NORTH CENTRAL LONDON INTEGRATED CARE BOARD
NT455,MOUNT ALVERNIA HOSPITAL,QXU,NHS SURREY HEARTLANDS INTEGRATED CARE BOARD
NVC08,MOUNT STUART HOSPITAL,QJK,NHS DEVON INTEGRATED CARE BOARD
NVC09,NEW HALL HOSPITAL,QOX,"NHS BATH AND NORTH EAST SOMERSET, SWINDON AND WILTSHIRE INTEGRATED CARE BOARD"
R7W2O,NEWCASTLE NEWMEDICA LTD,QHM,NHS NORTH EAST AND NORTH CUMBRIA INTEGRATED CARE BOARD
N8R1N,NEWMEDICA - BERKSHIRE,QNQ,NHS FRIMLEY INTEGRATED CARE BOARD
C5Y9L,NEWMEDICA - BERKSHIRE - BRACKNELL,QNQ,NHS FRIMLEY INTEGRATED CARE BOARD
S1Z4X,NEWMEDICA - BIRMINGHAM,QHL,NHS BIRMINGHAM AND SOLIHULL INTEGRATED CARE BOARD
C9A7J,NEWMEDICA - BRADFORD & HUDDERSFIELD,QWO,NHS WEST YORKSHIRE INTEGRATED CARE BOARD
ACG22,NEWMEDICA - BRIGG - RIVERSIDE SURGERY,QOQ,NHS HUMBER AND NORTH YORKSHIRE INTEGRATED CARE BOARD
ACG20,NEWMEDICA - BRISTOL - LITFIELD HOUSE,QUY,"NHS BRISTOL, NORTH SOMERSET AND SOUTH GLOUCESTERSHIRE INTEGRATED CARE BOARD"
H2K1G,NEWMEDICA - BROMSGROVE,QGH,NHS HEREFORDSHIRE AND WORCESTERSHIRE INTEGRATED CARE BOARD
Q1S8W,NEWMEDICA - BURY ST EDMUNDS,QJG,NHS SUFFOLK AND NORTH EAST ESSEX INTEGRATED CARE BOARD
F1Y1H,NEWMEDICA - CHESHIRE OAKS,QYG,NHS CHESHIRE AND MERSEYSIDE INTEGRATED CARE BOARD
F0R0W,NEWMEDICA - DARLINGTON,QHM,NHS NORTH EAST AND NORTH CUMBRIA INTEGRATED CARE BOARD
ACG36,NEWMEDICA - EXETER - GLEN HOUSE,QJK,NHS DEVON INTEGRATED CARE BOARD
ACG13,NEWMEDICA - GLOUCESTER (ASPEN MEDICAL CENTRE),QR1,NHS GLOUCESTERSHIRE INTEGRATED CARE BOARD
L0D9W,NEWMEDICA - GLOUCESTER (BRIGHOUSE COURT),QR1,NHS GLOUCESTERSHIRE INTEGRATED CARE BOARD
L4R3R,NEWMEDICA - HAMPSHIRE,QRL,NHS HAMPSHIRE AND ISLE OF WIGHT INTEGRATED CARE BOARD
Z1E5F,NEWMEDICA - HARROGATE,QOQ,NHS HUMBER AND NORTH YORKSHIRE INTEGRATED CARE BOARD
F7F6D,NEWMEDICA - HERTFORSHIRE - WELWYN GARDEN CITY,QM7,NHS HERTFORDSHIRE AND WEST ESSEX INTEGRATED CARE BOARD
ACG37,NEWMEDICA - IPSWICH,QJG,NHS SUFFOLK AND NORTH EAST ESSEX INTEGRATED CARE BOARD
ACG38,NEWMEDICA - LANGFORD,QUY,"NHS BRISTOL, NORTH SOMERSET AND SOUTH GLOUCESTERSHIRE INTEGRATED CARE BOARD"
N6Z0R,NEWMEDICA - LINCOLN,QJM,NHS LINCOLNSHIRE INTEGRATED CARE BOARD
Z2L9B,NEWMEDICA - MANCHESTER WEST,QOP,NHS GREATER MANCHESTER INTEGRATED CARE BOARD
ACG26,NEWMEDICA - NORTH DERBYSHIRE - MIDLAND COURT,QJ2,NHS DERBY AND DERBYSHIRE INTEGRATED CARE BOARD
M4C5R,NEWMEDICA - NORTHAMPTON,QPM,NHS NORTHAMPTONSHIRE INTEGRATED CARE BOARD
B5M7B,NEWMEDICA - NORWICH,QMM,NHS NORFOLK AND WAVENEY INTEGRATED CARE BOARD
B1A5K,NEWMEDICA - NOTTINGHAM,QT1,NHS NOTTINGHAM AND NOTTINGHAMSHIRE INTEGRATED CARE BOARD
M6L9D,NEWMEDICA - NOTTINGHAM - KEYWORTH,QT1,NHS NOTTINGHAM AND NOTTINGHAMSHIRE INTEGRATED CARE BOARD
J3J8Z,NEWMEDICA - OXFORDSHIRE,QU9,"NHS BUCKINGHAMSHIRE, OXFORDSHIRE AND BERKSHIRE WEST INTEGRATED CARE BOARD"
P5Y6K,NEWMEDICA - SHREWSBURY,QOC,"NHS SHROPSHIRE, TELFORD AND WREKIN INTEGRATED CARE BOARD"
ACG39,NEWMEDICA - SWINDON,QOX,"NHS BATH AND NORTH EAST SOMERSET, SWINDON AND WILTSHIRE INTEGRATED CARE BOARD"
D0V5X,NEWMEDICA - SWINDON MURDOCK ROAD,QOX,"NHS BATH AND NORTH EAST SOMERSET, SWINDON AND WILTSHIRE INTEGRATED CARE BOARD"
ACG24,NEWMEDICA - TEESSIDE - NORTH ORMESBY,QHM,NHS NORTH EAST AND NORTH CUMBRIA INTEGRATED CARE BOARD
ACG40,NEWMEDICA - WAKEFIELD,QWO,NHS WEST YORKSHIRE INTEGRATED CARE BOARD
ACG31,NEWMEDICA - WORCESTER,QGH,NHS HEREFORDSHIRE AND WORCESTERSHIRE INTEGRATED CARE BOARD
ACG30,NEWMEDICA - WORKSOP - DUKERIES,QT1,NHS NOTTINGHAM AND NOTTINGHAMSHIRE INTEGRATED CARE BOARD
R3I5E,NEWMEDICA -TELFORD,QOC,"NHS SHROPSHIRE, TELFORD AND WREKIN INTEGRATED CARE BOARD"
H4J9P,NEWMEDICA AZTEC WEST,QUY,"NHS BRISTOL, NORTH SOMERSET AND SOUTH GLOUCESTERSHIRE INTEGRATED CARE BOARD"
ACG19,NEWMEDICA COMMUNITY OPHTHALMOLOGY - LEEDS,QWO,NHS WEST YORKSHIRE INTEGRATED CARE BOARD
ACG12,NEWMEDICA COMMUNITY OPHTHALMOLOGY - NORTH EAST LINCOLNSHIRE - GRIMSBY,QOQ,NHS HUMBER AND NORTH YORKSHIRE INTEGRATED CARE BOARD
A4Q9X,NEWMEDICA LEICESTER,QK1,"NHS LEICESTER, LEICESTERSHIRE AND RUTLAND INTEGRATED CARE BOARD"
ACG08,NEWMEDICA OPHTHALMOLOGY - NUNEATON - CAMP HILL - GP LED HEALTH CENTRE,QWU,NHS COVENTRY AND WARWICKSHIRE INTEGRATED CARE BOARD
G4H0I,NEWMEDICA SUFFOLK - BURY ST EDMUNDS - CLARITY HOUSE,QJG,NHS SUFFOLK AND NORTH EAST ESSEX INTEGRATED CARE BOARD
RM1,NORFOLK AND NORWICH UNIVERSITY HOSPITALS NHS FOUNDATION TRUST,QMM,NHS NORFOLK AND WAVENEY INTEGRATED CARE BOARD
RVJ,NORTH BRISTOL NHS TRUST,QUY,"NHS BRISTOL, NORTH SOMERSET AND SOUTH GLOUCESTERSHIRE INTEGRATED CARE BOARD"
RNN,NORTH CUMBRIA INTEGRATED CARE NHS FOUNDATION TRUST,QHM,NHS NORTH EAST AND NORTH CUMBRIA INTEGRATED CARE BOARD
NVC11,NORTH DOWNS HOSPITAL,QXU,NHS SURREY HEARTLANDS INTEGRATED CARE BOARD
RAP,NORTH MIDDLESEX UNIVERSITY HOSPITAL NHS TRUST,QMJ,NHS NORTH CENTRAL LONDON INTEGRATED CARE BOARD
RVW,NORTH TEES AND HARTLEPOOL NHS FOUNDATION TRUST,QHM,NHS NORTH EAST AND NORTH CUMBRIA INTEGRATED CARE BOARD
RGN,NORTH WEST ANGLIA NHS FOUNDATION TRUST,QUE,NHS CAMBRIDGESHIRE AND PETERBOROUGH INTEGRATED CARE BOARD
RNS,NORTHAMPTON GENERAL HOSPITAL NHS TRUST,QPM,NHS NORTHAMPTONSHIRE INTEGRATED CARE BOARD
RM3,NORTHERN CARE ALLIANCE NHS FOUNDATION TRUST,QOP,NHS GREATER MANCHESTER INTEGRATED CARE BOARD
RJL,NORTHERN LINCOLNSHIRE AND GOOLE NHS FOUNDATION TRUST,QOQ,NHS HUMBER AND NORTH YORKSHIRE INTEGRATED CARE BOARD
RTF,NORTHUMBRIA HEALTHCARE NHS FOUNDATION TRUST,QHM,NHS NORTH EAST AND NORTH CUMBRIA INTEGRATED CARE BOARD
ADF01,NORTHWEST DIAGNOSTIC & TREATMENT SERVICES (MANOR HOUSE SURGERY),QJ2,NHS DERBY AND DERBYSHIRE INTEGRATED CARE BOARD
DFQ,NORWICH & NORFOLK SURGICAL LTD (N2S),QMM,NHS NORFOLK AND WAVENEY INTEGRATED CARE BOARD
RX1,NOTTINGHAM UNIVERSITY HOSPITALS NHS TRUST,QT1,NHS NOTTINGHAM AND NOTTINGHAMSHIRE INTEGRATED CARE BOARD
NQH,NOVUS HEALTH LTD,QWO,NHS WEST YORKSHIRE INTEGRATED CARE BOARD
G3Q3Z,NUFFIELD HEALTH HIGHGATE HOSPITAL,QMJ,NHS NORTH CENTRAL LONDON INTEGRATED CARE BOARD
R0F4N,NUFFIELD HEALTH PARKSIDE HOSPITAL,QWE,NHS SOUTH WEST LONDON INTEGRATED CARE BOARD
H4I8B,NUFFIELD HEALTH THE HOLLY HOSPITAL,QM7,NHS HERTFORDSHIRE AND WEST ESSEX INTEGRATED CARE BOARD
NT202,"NUFFIELD HEALTH, BOURNEMOUTH HOSPITAL",QVV,NHS DORSET INTEGRATED CARE BOARD
NT204,"NUFFIELD HEALTH, BRENTWOOD HOSPITAL",QH8,NHS MID AND SOUTH ESSEX INTEGRATED CARE BOARD
NT205,"NUFFIELD HEALTH, BRIGHTON HOSPITAL",QNX,NHS SUSSEX INTEGRATED CARE BOARD
NT206,"NUFFIELD HEALTH, BRISTOL HOSPITAL (CHESTERFIELD)",QUY,"NHS BRISTOL, NORTH SOMERSET AND SOUTH GLOUCESTERSHIRE INTEGRATED CARE BOARD"
NT209,"NUFFIELD HEALTH, CAMBRIDGE HOSPITAL",QUE,NHS CAMBRIDGESHIRE AND PETERBOROUGH INTEGRATED CARE BOARD
NT211,"NUFFIELD HEALTH, CHELTENHAM HOSPITAL",QR1,NHS GLOUCESTERSHIRE INTEGRATED CARE BOARD
NT212,"NUFFIELD HEALTH, CHICHESTER HOSPITAL",QNX,NHS SUSSEX INTEGRATED CARE BOARD
NT213,"NUFFIELD HEALTH, DERBY HOSPITAL",QJ2,NHS DERBY AND DERBYSHIRE INTEGRATED CARE BOARD
NT215,"NUFFIELD HEALTH, EXETER HOSPITAL",QJK,NHS DEVON INTEGRATED CARE BOARD
NT216,"NUFFIELD HEALTH, GUILDFORD HOSPITAL",QXU,NHS SURREY HEARTLANDS INTEGRATED CARE BOARD
NT218,"NUFFIELD HEALTH, HAYWARDS HEATH HOSPITAL",QNX,NHS SUSSEX INTEGRATED CARE BOARD
NT219,"NUFFIELD HEALTH, HEREFORD HOSPITAL",QGH,NHS HEREFORDSHIRE AND WORCESTERSHIRE INTEGRATED CARE BOARD
NT225,"NUFFIELD HEALTH, LEEDS HOSPITAL",QWO,NHS WEST YORKSHIRE INTEGRATED CARE BOARD
NT226,"NUFFIELD HEALTH, LEICESTER HOSPITAL",QK1,"NHS LEICESTER, LEICESTERSHIRE AND RUTLAND INTEGRATED CARE BOARD"
NT229,"NUFFIELD HEALTH, NEWCASTLE UPON TYNE HOSPITAL",QHM,NHS NORTH EAST AND NORTH CUMBRIA INTEGRATED CARE BOARD
NT230,"NUFFIELD HEALTH, NORTH STAFFORDSHIRE HOSPITAL",QNC,NHS STAFFORDSHIRE AND STOKE-ON-TRENT INTEGRATED CARE BOARD
NT233,"NUFFIELD HEALTH, PLYMOUTH HOSPITAL",QJK,NHS DEVON INTEGRATED CARE BOARD
NT235,"NUFFIELD HEALTH, SHREWSBURY HOSPITAL",QOC,"NHS SHROPSHIRE, TELFORD AND WREKIN INTEGRATED CARE BOARD"
NT238,"NUFFIELD HEALTH, TAUNTON HOSPITAL",QSL,NHS SOMERSET INTEGRATED CARE BOARD
NT237,"NUFFIELD HEALTH, TEES HOSPITAL",QHM,NHS NORTH EAST AND NORTH CUMBRIA INTEGRATED CARE BOARD
NT210,"NUFFIELD HEALTH, THE GROSVENOR HOSPITAL, CHESTER",QYG,NHS CHESHIRE AND MERSEYSIDE INTEGRATED CARE BOARD
NT239,"NUFFIELD HEALTH, TUNBRIDGE WELLS HOSPITAL",QKS,NHS KENT AND MEDWAY INTEGRATED CARE BOARD
NT224,"NUFFIELD HEALTH, WARWICKSHIRE HOSPITAL",QWU,NHS COVENTRY AND WARWICKSHIRE INTEGRATED CARE BOARD
NT214,"NUFFIELD HEALTH, WESSEX HOSPITAL",QRL,NHS HAMPSHIRE AND ISLE OF WIGHT INTEGRATED CARE BOARD
NT241,"NUFFIELD HEALTH, WOKING HOSPITAL",QXU,NHS SURREY HEARTLANDS INTEGRATED CARE BOARD
NT242,"NUFFIELD HEALTH, WOLVERHAMPTON HOSPITAL",QUA,NHS BLACK COUNTRY INTEGRATED CARE BOARD
NT245,"NUFFIELD HEALTH, YORK HOSPITAL",QOQ,NHS HUMBER AND NORTH YORKSHIRE INTEGRATED CARE BOARD
NT244,NUFFIELD HOSPITAL OXFORD (THE MANOR),QU9,"NHS BUCKINGHAMSHIRE, OXFORDSHIRE AND BERKSHIRE WEST INTEGRATED CARE BOARD"
NVC12,OAKLANDS HOSPITAL,QOP,NHS GREATER MANCHESTER INTEGRATED CARE BOARD
NVC13,OAKS HOSPITAL,QJG,NHS SUFFOLK AND NORTH EAST ESSEX INTEGRATED CARE BOARD
DXV,OMNES HEALTHCARE LTD,QOP,NHS GREATER MANCHESTER INTEGRATED CARE BOARD
AVQ01,ONE ASHFORD HOSPITAL,QKS,NHS KENT AND MEDWAY INTEGRATED CARE BOARD
AVQ03,ONE HATFIELD HOSPITAL,QM7,NHS HERTFORDSHIRE AND WEST ESSEX INTEGRATED CARE BOARD
AWR,ONE STOP DOCTORS LIMITED,QM7,NHS HERTFORDSHIRE AND WEST ESSEX INTEGRATED CARE BOARD
NNH,OPTEGRA UK,QXU,NHS SURREY HEARTLANDS INTEGRATED CARE BOARD
NQM01,ORTHOPAEDICS & SPINE SPECIALIST HOSPITAL SITE,QUE,NHS CAMBRIDGESHIRE AND PETERBOROUGH INTEGRATED CARE BOARD
Q2Y5H,OVIVA UK LTD,QKK,NHS SOUTH EAST LONDON INTEGRATED CARE BOARD
RTH,OXFORD UNIVERSITY HOSPITALS NHS FOUNDATION TRUST,QU9,"NHS BUCKINGHAMSHIRE, OXFORDSHIRE AND BERKSHIRE WEST INTEGRATED CARE BOARD"
RPG,OXLEAS NHS FOUNDATION TRUST,QKK,NHS SOUTH EAST LONDON INTEGRATED CARE BOARD
NVC14,PARK HILL HOSPITAL,QF7,NHS SOUTH YORKSHIRE INTEGRATED CARE BOARD
NT427,PARK HOSPITAL,QT1,NHS NOTTINGHAM AND NOTTINGHAMSHIRE INTEGRATED CARE BOARD
V3J9W,PASTEL HEALTH,QMF,NHS NORTH EAST LONDON INTEGRATED CARE BOARD
NEQ,PHOENIX HEALTH SOLUTIONS LIMITED HQ,QWO,NHS WEST YORKSHIRE INTEGRATED CARE BOARD
DTT,PHOENIX PUBLIC HEALTH LTD,QYG,NHS CHESHIRE AND MERSEYSIDE INTEGRATED CARE BOARD
NVC15,PINEHILL HOSPITAL,QM7,NHS HERTFORDSHIRE AND WEST ESSEX INTEGRATED CARE BOARD
NEY,PIONEER HEALTHCARE LIMITED,QF7,NHS SOUTH YORKSHIRE INTEGRATED CARE BOARD
NEY,PIONEER HEALTHCARE LIMITED,QRL,NHS HAMPSHIRE AND ISLE OF WIGHT INTEGRATED CARE BOARD
D3O0Z,PLYMOUTH NEWMEDICA LTD,QJK,NHS DEVON INTEGRATED CARE BOARD
RHU,PORTSMOUTH HOSPITALS UNIVERSITY NATIONAL HEALTH SERVICE TRUST,QRL,NHS HAMPSHIRE AND ISLE OF WIGHT INTEGRATED CARE BOARD
RHU,PORTSMOUTH HOSPITALS UNIVERSITY NHS TRUST,QRL,NHS HAMPSHIRE AND ISLE OF WIGHT INTEGRATED CARE BOARD
NTP13,PRACTICE PLUS GROUP HOSPITAL - BARLBOROUGH,QJ2,NHS DERBY AND DERBYSHIRE INTEGRATED CARE BOARD
NTPH2,PRACTICE PLUS GROUP HOSPITAL - EMERSONS GREEN,QUY,"NHS BRISTOL, NORTH SOMERSET AND SOUTH GLOUCESTERSHIRE INTEGRATED CARE BOARD"
NTP15,PRACTICE PLUS GROUP HOSPITAL - ILFORD,QMF,NHS NORTH EAST LONDON INTEGRATED CARE BOARD
NTPH5,PRACTICE PLUS GROUP HOSPITAL - PLYMOUTH,QJK,NHS DEVON INTEGRATED CARE BOARD
NTPH1,PRACTICE PLUS GROUP HOSPITAL - SHEPTON MALLET,QSL,NHS SOMERSET INTEGRATED CARE BOARD
NTP11,PRACTICE PLUS GROUP HOSPITAL - SOUTHAMPTON,QRL,NHS HAMPSHIRE AND ISLE OF WIGHT INTEGRATED CARE BOARD
M2Y6D,PRACTICE PLUS GROUP HOSPITAL BIRMINGHAM,QHL,NHS BIRMINGHAM AND SOLIHULL INTEGRATED CARE BOARD
NTPAE,PRACTICE PLUS GROUP OPHTHALMOLOGY - NORTH WEST,QOP,NHS GREATER MANCHESTER INTEGRATED CARE BOARD
NTPH3,PRACTICE PLUS GROUP SURGICAL CENTRE - DEVIZES,QOX,"NHS BATH AND NORTH EAST SOMERSET, SWINDON AND WILTSHIRE INTEGRATED CARE BOARD"
NTP16,PRACTICE PLUS GROUP SURGICAL CENTRE - GILLINGHAM,QKS,NHS KENT AND MEDWAY INTEGRATED CARE BOARD
NTPAD,PRACTICE PLUS GROUP SURGICAL CENTRE - ST MARYS PORTSMOUTH,QRL,NHS HAMPSHIRE AND ISLE OF WIGHT INTEGRATED CARE BOARD
ADN,PRIMARY INTEGRATED COMMUNITY SERVICES LTD,QT1,NHS NOTTINGHAM AND NOTTINGHAMSHIRE INTEGRATED CARE BOARD
NT428,PRINCESS MARGARET HOSPITAL,QNQ,NHS FRIMLEY INTEGRATED CARE BOARD
NT429,PRIORY HOSPITAL,QHL,NHS BIRMINGHAM AND SOLIHULL INTEGRATED CARE BOARD
NAM01,PROBUS SURGICAL CENTRE,QT6,NHS CORNWALL AND THE ISLES OF SCILLY INTEGRATED CARE BOARD
NQX,PROVIDE ENTERPRISES,QJG,NHS SUFFOLK AND NORTH EAST ESSEX INTEGRATED CARE BOARD
NQX01,PROVIDE WELLBEING @ TOLLGATE CLINIC,QJG,NHS SUFFOLK AND NORTH EAST ESSEX INTEGRATED CARE BOARD
RPC,QUEEN VICTORIA HOSPITAL NHS FOUNDATION TRUST,QNX,NHS SUSSEX INTEGRATED CARE BOARD
GEC01,RAPID INVESTIGATION SERVICE,QRL,NHS HAMPSHIRE AND ISLE OF WIGHT INTEGRATED CARE BOARD
NVC16,RENACRES HOSPITAL,QE1,NHS LANCASHIRE AND SOUTH CUMBRIA INTEGRATED CARE BOARD
NT430,RIDGEWAY HOSPITAL,QOX,"NHS BATH AND NORTH EAST SOMERSET, SWINDON AND WILTSHIRE INTEGRATED CARE BOARD"
NVC19,RIVERS HOSPITAL,QM7,NHS HERTFORDSHIRE AND WEST ESSEX INTEGRATED CARE BOARD
NVC17,ROWLEY HALL HOSPITAL,QNC,NHS STAFFORDSHIRE AND STOKE-ON-TRENT INTEGRATED CARE BOARD
RHW,ROYAL BERKSHIRE NHS FOUNDATION TRUST,QU9,"NHS BUCKINGHAMSHIRE, OXFORDSHIRE AND BERKSHIRE WEST INTEGRATED CARE BOARD"
REF,ROYAL CORNWALL HOSPITALS NHS TRUST,QT6,NHS CORNWALL AND THE ISLES OF SCILLY INTEGRATED CARE BOARD
RH8,ROYAL DEVON UNIVERSITY HEALTHCARE NHS FOUNDATION TRUST,QJK,NHS DEVON INTEGRATED CARE BOARD
RAL,ROYAL FREE LONDON NHS FOUNDATION TRUST,QMJ,NHS NORTH CENTRAL LONDON INTEGRATED CARE BOARD
RAN,ROYAL NATIONAL ORTHOPAEDIC HOSPITAL NHS TRUST,QRV,NHS NORTH WEST LONDON INTEGRATED CARE BOARD
RGM,ROYAL PAPWORTH HOSPITAL NHS FOUNDATION TRUST,QUE,NHS CAMBRIDGESHIRE AND PETERBOROUGH INTEGRATED CARE BOARD
RA2,ROYAL SURREY COUNTY HOSPITAL NHS FOUNDATION TRUST,QXU,NHS SURREY HEARTLANDS INTEGRATED CARE BOARD
RA2,ROYAL SURREY NHS FOUNDATION TRUST,QXU,NHS SURREY HEARTLANDS INTEGRATED CARE BOARD
RD1,ROYAL UNITED HOSPITALS BATH NHS FOUNDATION TRUST,QOX,"NHS BATH AND NORTH EAST SOMERSET, SWINDON AND WILTSHIRE INTEGRATED CARE BOARD"
NT431,RUNNYMEDE HOSPITAL,QXU,NHS SURREY HEARTLANDS INTEGRATED CARE BOARD
RNZ,SALISBURY NHS FOUNDATION TRUST,QOX,"NHS BATH AND NORTH EAST SOMERSET, SWINDON AND WILTSHIRE INTEGRATED CARE BOARD"
RXK,SANDWELL AND WEST BIRMINGHAM HOSPITALS NHS TRUST,QHL,NHS BIRMINGHAM AND SOLIHULL INTEGRATED CARE BOARD
RXK,SANDWELL AND WEST BIRMINGHAM HOSPITALS NHS TRUST,QUA,NHS BLACK COUNTRY INTEGRATED CARE BOARD
NT433,SARUM ROAD HOSPITAL,QRL,NHS HAMPSHIRE AND ISLE OF WIGHT INTEGRATED CARE BOARD
NT434,SAXON CLINIC,QHG,"NHS BEDFORDSHIRE, LUTON AND MILTON KEYNES INTEGRATED CARE BOARD"
RCU,SHEFFIELD CHILDREN'S NHS FOUNDATION TRUST,QF7,NHS SOUTH YORKSHIRE INTEGRATED CARE BOARD
RHQ,SHEFFIELD TEACHING HOSPITALS NHS FOUNDATION TRUST,QF7,NHS SOUTH YORKSHIRE INTEGRATED CARE BOARD
NT435,SHELBURNE HOSPITAL,QU9,"NHS BUCKINGHAMSHIRE, OXFORDSHIRE AND BERKSHIRE WEST INTEGRATED CARE BOARD"
RK5,SHERWOOD FOREST HOSPITALS NHS FOUNDATION TRUST,QT1,NHS NOTTINGHAM AND NOTTINGHAMSHIRE INTEGRATED CARE BOARD
NT436,SHIRLEY OAKS HOSPITAL,QWE,NHS SOUTH WEST LONDON INTEGRATED CARE BOARD
R1D,SHROPSHIRE COMMUNITY HEALTH NHS TRUST,QOC,"NHS SHROPSHIRE, TELFORD AND WREKIN INTEGRATED CARE BOARD"
NLX,SIRONA CARE & HEALTH,QUY,"NHS BRISTOL, NORTH SOMERSET AND SOUTH GLOUCESTERSHIRE INTEGRATED CARE BOARD"
NT437,SLOANE HOSPITAL,QKK,NHS SOUTH EAST LONDON INTEGRATED CARE BOARD
R1C,SOLENT NHS TRUST,QRL,NHS HAMPSHIRE AND ISLE OF WIGHT INTEGRATED CARE BOARD
RH5,SOMERSET NHS FOUNDATION TRUST,QSL,NHS SOMERSET INTEGRATED CARE BOARD
NFH,SOMERSET SURGICAL SERVICES HQ,QUY,"NHS BRISTOL, NORTH SOMERSET AND SOUTH GLOUCESTERSHIRE INTEGRATED CARE BOARD"
RTR,SOUTH TEES HOSPITALS NHS FOUNDATION TRUST,QHM,NHS NORTH EAST AND NORTH CUMBRIA INTEGRATED CARE BOARD
R0B,SOUTH TYNESIDE AND SUNDERLAND NHS FOUNDATION TRUST,QHM,NHS NORTH EAST AND NORTH CUMBRIA INTEGRATED CARE BOARD
RJC,SOUTH WARWICKSHIRE UNIVERSITY NHS FOUNDATION TRUST,QWU,NHS COVENTRY AND WARWICKSHIRE INTEGRATED CARE BOARD
RXG,SOUTH WEST YORKSHIRE PARTNERSHIP NHS FOUNDATION TRUST,QWO,NHS WEST YORKSHIRE INTEGRATED CARE BOARD
NT490,SOUTHEND PRIVATE HOSPITAL,QH8,NHS MID AND SOUTH ESSEX INTEGRATED CARE BOARD
RW1,SOUTHERN HEALTH NHS FOUNDATION TRUST,QRL,NHS HAMPSHIRE AND ISLE OF WIGHT INTEGRATED CARE BOARD
NPG19,SPAMEDICA BEDFORD,QHG,"NHS BEDFORDSHIRE, LUTON AND MILTON KEYNES INTEGRATED CARE BOARD"
D5P5H,SPAMEDICA BEXHILL,QNX,NHS SUSSEX INTEGRATED CARE BOARD
NPG11,SPAMEDICA BIRMINGHAM,QHL,NHS BIRMINGHAM AND SOLIHULL INTEGRATED CARE BOARD
C3Y0A,SPAMEDICA BLACKPOOL,QE1,NHS LANCASHIRE AND SOUTH CUMBRIA INTEGRATED CARE BOARD
NPG08,SPAMEDICA BOLTON,QOP,NHS GREATER MANCHESTER INTEGRATED CARE BOARD
I2C7H,SPAMEDICA BRADFORD,QWO,NHS WEST YORKSHIRE INTEGRATED CARE BOARD
I9A4A,SPAMEDICA BRIGHTON,QNX,NHS SUSSEX INTEGRATED CARE BOARD
P1B7M,SPAMEDICA BRISTOL,QUY,"NHS BRISTOL, NORTH SOMERSET AND SOUTH GLOUCESTERSHIRE INTEGRATED CARE BOARD"
Y8L9S,SPAMEDICA BROMLEY,QKK,NHS SOUTH EAST LONDON INTEGRATED CARE BOARD
O6X7Z,SPAMEDICA CAMBRIDGE,QUE,NHS CAMBRIDGESHIRE AND PETERBOROUGH INTEGRATED CARE BOARD
E1U4T,SPAMEDICA CARLISLE,QHM,NHS NORTH EAST AND NORTH CUMBRIA INTEGRATED CARE BOARD
NPG16,SPAMEDICA CHELMSFORD,QH8,NHS MID AND SOUTH ESSEX INTEGRATED CARE BOARD
V4U1Y,SPAMEDICA CHESTER,QYG,NHS CHESHIRE AND MERSEYSIDE INTEGRATED CARE BOARD
T4I8V,SPAMEDICA CHESTERFIELD,QJ2,NHS DERBY AND DERBYSHIRE INTEGRATED CARE BOARD
J2H6H,SPAMEDICA COLCHESTER,QJG,NHS SUFFOLK AND NORTH EAST ESSEX INTEGRATED CARE BOARD
NPG21,SPAMEDICA COVENTRY,QWU,NHS COVENTRY AND WARWICKSHIRE INTEGRATED CARE BOARD
N1N0Y,SPAMEDICA CROYDON,QWE,NHS SOUTH WEST LONDON INTEGRATED CARE BOARD
V8N5R,SPAMEDICA DALSTON,QMF,NHS NORTH EAST LONDON INTEGRATED CARE BOARD
NPG23,SPAMEDICA DERBY,QJ2,NHS DERBY AND DERBYSHIRE INTEGRATED CARE BOARD
T8V3L,SPAMEDICA DONCASTER,QF7,NHS SOUTH YORKSHIRE INTEGRATED CARE BOARD
H4Y7F,SPAMEDICA DORCHESTER,QVV,NHS DORSET INTEGRATED CARE BOARD
M7C9Q,SPAMEDICA EPSOM,QXU,NHS SURREY HEARTLANDS INTEGRATED CARE BOARD
M5E1S,SPAMEDICA EXETER,QJK,NHS DEVON INTEGRATED CARE BOARD
NPG07,SPAMEDICA EYE HOSPITAL (WAKEFIELD),QWO,NHS WEST YORKSHIRE INTEGRATED CARE BOARD
Z9Z1G,SPAMEDICA GATESHEAD,QHM,NHS NORTH EAST AND NORTH CUMBRIA INTEGRATED CARE BOARD
A0C5S,SPAMEDICA GLOUCESTER,QR1,NHS GLOUCESTERSHIRE INTEGRATED CARE BOARD
F4B0R,SPAMEDICA GUILDFORD,QXU,NHS SURREY HEARTLANDS INTEGRATED CARE BOARD
Z5J5V,SPAMEDICA HAYDOCK,QYG,NHS CHESHIRE AND MERSEYSIDE INTEGRATED CARE BOARD
J0M7P,SPAMEDICA HEREFORD DIAGNOSTIC AND TREATMENT CENTRE,QGH,NHS HEREFORDSHIRE AND WORCESTERSHIRE INTEGRATED CARE BOARD
NPG18,SPAMEDICA HULL,QOQ,NHS HUMBER AND NORTH YORKSHIRE INTEGRATED CARE BOARD
Q8X0X,SPAMEDICA ISLE OF WIGHT,QRL,NHS HAMPSHIRE AND ISLE OF WIGHT INTEGRATED CARE BOARD
Q8X0X,SPAMEDICA ISLE OF WIGHT COMMUNITY DIAGNOSTIC & TREATMENT CENTRE,QRL,NHS HAMPSHIRE AND ISLE OF WIGHT INTEGRATED CARE BOARD
R1G7E,SPAMEDICA KENDAL,QE1,NHS LANCASHIRE AND SOUTH CUMBRIA INTEGRATED CARE BOARD
P0C3F,SPAMEDICA LEEDS,QWO,NHS WEST YORKSHIRE INTEGRATED CARE BOARD
L9D3Z,SPAMEDICA LEICESTER,QK1,"NHS LEICESTER, LEICESTERSHIRE AND RUTLAND INTEGRATED CARE BOARD"
NPG06,SPAMEDICA LIVERPOOL,QYG,NHS CHESHIRE AND MERSEYSIDE INTEGRATED CARE BOARD
K9J3O,SPAMEDICA LUTON,QHG,"NHS BEDFORDSHIRE, LUTON AND MILTON KEYNES INTEGRATED CARE BOARD"
R6X7C,SPAMEDICA MACCLESFIELD COMMUNITY DIAGNOSTIC & TREATMENT CENTRE,QYG,NHS CHESHIRE AND MERSEYSIDE INTEGRATED CARE BOARD
NPG01,SPAMEDICA MANCHESTER,QOP,NHS GREATER MANCHESTER INTEGRATED CARE BOARD
G3O5P,SPAMEDICA NEWARK,QT1,NHS NOTTINGHAM AND NOTTINGHAMSHIRE INTEGRATED CARE BOARD
NPG15,SPAMEDICA NEWCASTLE-UNDER-LYME,QNC,NHS STAFFORDSHIRE AND STOKE-ON-TRENT INTEGRATED CARE BOARD
G5X2Q,SPAMEDICA NORTH TYNESIDE,QHM,NHS NORTH EAST AND NORTH CUMBRIA INTEGRATED CARE BOARD
M3R0W,SPAMEDICA NORWICH,QMM,NHS NORFOLK AND WAVENEY INTEGRATED CARE BOARD
O1P6X,SPAMEDICA OLDHAM,QOP,NHS GREATER MANCHESTER INTEGRATED CARE BOARD
O5Y9D,SPAMEDICA OXFORD,QU9,"NHS BUCKINGHAMSHIRE, OXFORDSHIRE AND BERKSHIRE WEST INTEGRATED CARE BOARD"
B9J4U,SPAMEDICA PETERBOROUGH,QUE,NHS CAMBRIDGESHIRE AND PETERBOROUGH INTEGRATED CARE BOARD
L6O7H,SPAMEDICA POOLE,QVV,NHS DORSET INTEGRATED CARE BOARD
A1U4J,SPAMEDICA PORTSMOUTH,QRL,NHS HAMPSHIRE AND ISLE OF WIGHT INTEGRATED CARE BOARD
NPG17,SPAMEDICA PRESTON,QE1,NHS LANCASHIRE AND SOUTH CUMBRIA INTEGRATED CARE BOARD
B4N1U,SPAMEDICA ROMFORD,QMF,NHS NORTH EAST LONDON INTEGRATED CARE BOARD
I1H7K,SPAMEDICA SALE,QOP,NHS GREATER MANCHESTER INTEGRATED CARE BOARD
NPG10,SPAMEDICA SHEFFIELD,QF7,NHS SOUTH YORKSHIRE INTEGRATED CARE BOARD
V8A3H,SPAMEDICA SHEFFIELD COMMUNITY DIAGNOSTIC & TREATMENT CENTRE,QF7,NHS SOUTH YORKSHIRE INTEGRATED CARE BOARD
M0N7E,SPAMEDICA SITTINGBOURNE,QKS,NHS KENT AND MEDWAY INTEGRATED CARE BOARD
NPG13,SPAMEDICA SKELMERSDALE,QE1,NHS LANCASHIRE AND SOUTH CUMBRIA INTEGRATED CARE BOARD
J7V1N,SPAMEDICA SOLIHULL,QHL,NHS BIRMINGHAM AND SOLIHULL INTEGRATED CARE BOARD
B9M3W,SPAMEDICA SOUTHAMPTON,QRL,NHS HAMPSHIRE AND ISLE OF WIGHT INTEGRATED CARE BOARD
K3V9U,SPAMEDICA STEVENAGE COMMUNITY DIAGNOSTIC & TREATMENT CENTRE,QM7,NHS HERTFORDSHIRE AND WEST ESSEX INTEGRATED CARE BOARD
NPG22,SPAMEDICA STOCKTON-ON-TEES,QHM,NHS NORTH EAST AND NORTH CUMBRIA INTEGRATED CARE BOARD
H1T2P,SPAMEDICA SWINDON,QOX,"NHS BATH AND NORTH EAST SOMERSET, SWINDON AND WILTSHIRE INTEGRATED CARE BOARD"
G6S7A,SPAMEDICA TAUNTON,QSL,NHS SOMERSET INTEGRATED CARE BOARD
V5F1D,SPAMEDICA TELFORD,QOC,"NHS SHROPSHIRE, TELFORD AND WREKIN INTEGRATED CARE BOARD"
E3D4A,SPAMEDICA TRURO,QT6,NHS CORNWALL AND THE ISLES OF SCILLY INTEGRATED CARE BOARD
Q1W6P,SPAMEDICA WATFORD,QM7,NHS HERTFORDSHIRE AND WEST ESSEX INTEGRATED CARE BOARD
A1D1B,SPAMEDICA WEMBLEY,QRV,NHS NORTH WEST LONDON INTEGRATED CARE BOARD
NPG14,SPAMEDICA WIDNES,QYG,NHS CHESHIRE AND MERSEYSIDE INTEGRATED CARE BOARD
NPG02,SPAMEDICA WIRRAL,QYG,NHS CHESHIRE AND MERSEYSIDE INTEGRATED CARE BOARD
T8R5I,SPAMEDICA WOKINGHAM,QU9,"NHS BUCKINGHAMSHIRE, OXFORDSHIRE AND BERKSHIRE WEST INTEGRATED CARE BOARD"
NPG20,SPAMEDICA WOLVERHAMPTON,QUA,NHS BLACK COUNTRY INTEGRATED CARE BOARD
J3X4C,SPAMEDICA WORCESTER,QGH,NHS HEREFORDSHIRE AND WORCESTERSHIRE INTEGRATED CARE BOARD
NN8,SPENCER PRIVATE HOSPITALS LTD,QKS,NHS KENT AND MEDWAY INTEGRATED CARE BOARD
NT312,SPIRE ALEXANDRA HOSPITAL,QKS,NHS KENT AND MEDWAY INTEGRATED CARE BOARD
NT302,SPIRE BRISTOL HOSPITAL,QUY,"NHS BRISTOL, NORTH SOMERSET AND SOUTH GLOUCESTERSHIRE INTEGRATED CARE BOARD"
NT315,SPIRE BUSHEY HOSPITAL,QM7,NHS HERTFORDSHIRE AND WEST ESSEX INTEGRATED CARE BOARD
NT317,SPIRE CAMBRIDGE LEA HOSPITAL,QUE,NHS CAMBRIDGESHIRE AND PETERBOROUGH INTEGRATED CARE BOARD
NT324,SPIRE CHESHIRE HOSPITAL,QYG,NHS CHESHIRE AND MERSEYSIDE INTEGRATED CARE BOARD
NT345,SPIRE CLARE PARK HOSPITAL,QNQ,NHS FRIMLEY INTEGRATED CARE BOARD
NT344,SPIRE DUNEDIN HOSPITAL,QU9,"NHS BUCKINGHAMSHIRE, OXFORDSHIRE AND BERKSHIRE WEST INTEGRATED CARE BOARD"
NT348,SPIRE ELLAND HOSPITAL,QWO,NHS WEST YORKSHIRE INTEGRATED CARE BOARD
NT347,SPIRE FYLDE COAST HOSPITAL,QE1,NHS LANCASHIRE AND SOUTH CUMBRIA INTEGRATED CARE BOARD
NT308,SPIRE GATWICK PARK HOSPITAL,QXU,NHS SURREY HEARTLANDS INTEGRATED CARE BOARD
NT316,SPIRE HARPENDEN HOSPITAL,QM7,NHS HERTFORDSHIRE AND WEST ESSEX INTEGRATED CARE BOARD
NT319,SPIRE HARTSWOOD HOSPITAL,QH8,NHS MID AND SOUTH ESSEX INTEGRATED CARE BOARD
NT351,SPIRE HULL AND EAST RIDING HOSPITAL,QOQ,NHS HUMBER AND NORTH YORKSHIRE INTEGRATED CARE BOARD
NT332,SPIRE LEEDS HOSPITAL,QWO,NHS WEST YORKSHIRE INTEGRATED CARE BOARD
NT322,SPIRE LEICESTER HOSPITAL,QK1,"NHS LEICESTER, LEICESTERSHIRE AND RUTLAND INTEGRATED CARE BOARD"
NT321,SPIRE LITTLE ASTON HOSPITAL,QNC,NHS STAFFORDSHIRE AND STOKE-ON-TRENT INTEGRATED CARE BOARD
NT337,SPIRE LIVERPOOL HOSPITAL,QYG,NHS CHESHIRE AND MERSEYSIDE INTEGRATED CARE BOARD
NT314,SPIRE LONDON EAST,QMF,NHS NORTH EAST LONDON INTEGRATED CARE BOARD
NT327,SPIRE MANCHESTER HOSPITAL,QOP,NHS GREATER MANCHESTER INTEGRATED CARE BOARD
NT350,SPIRE METHLEY PARK HOSPITAL,QWO,NHS WEST YORKSHIRE INTEGRATED CARE BOARD
NT364,SPIRE MONTEFIORE HOSPITAL,QNX,NHS SUSSEX INTEGRATED CARE BOARD
NT325,SPIRE MURRAYFIELD HOSPITAL,QYG,NHS CHESHIRE AND MERSEYSIDE INTEGRATED CARE BOARD
NT318,SPIRE NORWICH HOSPITAL,QMM,NHS NORFOLK AND WAVENEY INTEGRATED CARE BOARD
NT30A,SPIRE NOTTINGHAM HOSPITAL,QT1,NHS NOTTINGHAM AND NOTTINGHAMSHIRE INTEGRATED CARE BOARD
NT320,SPIRE PARKWAY HOSPITAL,QHL,NHS BIRMINGHAM AND SOLIHULL INTEGRATED CARE BOARD
NT305,SPIRE PORTSMOUTH HOSPITAL,QRL,NHS HAMPSHIRE AND ISLE OF WIGHT INTEGRATED CARE BOARD
NT339,SPIRE REGENCY HOSPITAL,QYG,NHS CHESHIRE AND MERSEYSIDE INTEGRATED CARE BOARD
NT301,SPIRE SOUTH BANK HOSPITAL,QGH,NHS HEREFORDSHIRE AND WORCESTERSHIRE INTEGRATED CARE BOARD
NT304,SPIRE SOUTHAMPTON HOSPITAL,QRL,NHS HAMPSHIRE AND ISLE OF WIGHT INTEGRATED CARE BOARD
NT3X3,SPIRE ST ANTHONY'S HOSPITAL,QWE,NHS SOUTH WEST LONDON INTEGRATED CARE BOARD
NT343,SPIRE THAMES VALLEY HOSPITAL,QU9,"NHS BUCKINGHAMSHIRE, OXFORDSHIRE AND BERKSHIRE WEST INTEGRATED CARE BOARD"
NT310,SPIRE TUNBRIDGE WELLS HOSPITAL,QKS,NHS KENT AND MEDWAY INTEGRATED CARE BOARD
NT333,SPIRE WASHINGTON HOSPITAL,QHM,NHS NORTH EAST AND NORTH CUMBRIA INTEGRATED CARE BOARD
NT313,SPIRE WELLESLEY HOSPITAL,QH8,NHS MID AND SOUTH ESSEX INTEGRATED CARE BOARD
NVC18,SPRINGFIELD HOSPITAL,QH8,NHS MID AND SOUTH ESSEX INTEGRATED CARE BOARD
NT446,ST EDMUNDS HOSPITAL,QJG,NHS SUFFOLK AND NORTH EAST ESSEX INTEGRATED CARE BOARD
RJ7,ST GEORGE'S UNIVERSITY HOSPITALS NHS FOUNDATION TRUST,QWE,NHS SOUTH WEST LONDON INTEGRATED CARE BOARD
NTE02,ST HUGH'S HOSPITAL,QOQ,NHS HUMBER AND NORTH YORKSHIRE INTEGRATED CARE BOARD
NQT5K,ST MARTINS HOSPITAL,QOX,"NHS BATH AND NORTH EAST SOMERSET, SWINDON AND WILTSHIRE INTEGRATED CARE BOARD"
AHP,ST MICHAEL'S CLINIC LIMITED,QOC,"NHS SHROPSHIRE, TELFORD AND WREKIN INTEGRATED CARE BOARD"
NHW,STANDARD HEALTH LTD,QRV,NHS NORTH WEST LONDON INTEGRATED CARE BOARD
RWJ,STOCKPORT NHS FOUNDATION TRUST,QOP,NHS GREATER MANCHESTER INTEGRATED CARE BOARD
NVC1H,STOURSIDE HOSPITAL,QUA,NHS BLACK COUNTRY INTEGRATED CARE BOARD
NDL01,SUFFOLK GP FEDERATION,QJG,NHS SUFFOLK AND NORTH EAST ESSEX INTEGRATED CARE BOARD
G3Z1Q,SULIS HOSPITAL BATH (FOXCOTE AVENUE),QOX,"NHS BATH AND NORTH EAST SOMERSET, SWINDON AND WILTSHIRE INTEGRATED CARE BOARD"
RTP,SURREY AND SUSSEX HEALTHCARE NHS TRUST,QXU,NHS SURREY HEARTLANDS INTEGRATED CARE BOARD
NYG,SUSSEX COMMUNITY DERMATOLOGY SERVICE,QNX,NHS SUSSEX INTEGRATED CARE BOARD
RDR,SUSSEX COMMUNITY NHS FOUNDATION TRUST,QNX,NHS SUSSEX INTEGRATED CARE BOARD
AJX,SUSSEX MSK PARTNERSHIP 2,QNX,NHS SUSSEX INTEGRATED CARE BOARD
RMP,TAMESIDE AND GLOSSOP INTEGRATED CARE NHS FOUNDATION TRUST,QOP,NHS GREATER MANCHESTER INTEGRATED CARE BOARD
NVC0R,TEES VALLEY HOSPITAL,QHM,NHS NORTH EAST AND NORTH CUMBRIA INTEGRATED CARE BOARD
AAH,TETBURY HOSPITAL TRUST LTD,QR1,NHS GLOUCESTERSHIRE INTEGRATED CARE BOARD
NVC02,THE BERKSHIRE INDEPENDENT HOSPITAL,QU9,"NHS BUCKINGHAMSHIRE, OXFORDSHIRE AND BERKSHIRE WEST INTEGRATED CARE BOARD"
NVC25,THE CHERWELL HOSPITAL,QU9,"NHS BUCKINGHAMSHIRE, OXFORDSHIRE AND BERKSHIRE WEST INTEGRATED CARE BOARD"
RBV,THE CHRISTIE NHS FOUNDATION TRUST,QOP,NHS GREATER MANCHESTER INTEGRATED CARE BOARD
REN,THE CLATTERBRIDGE CANCER CENTRE NHS FOUNDATION TRUST,QYG,NHS CHESHIRE AND MERSEYSIDE INTEGRATED CARE BOARD
RNA,THE DUDLEY GROUP NHS FOUNDATION TRUST,QUA,NHS BLACK COUNTRY INTEGRATED CARE BOARD
AJ8,THE GRANGE MEDICAL CENTRE HQ,QWO,NHS WEST YORKSHIRE INTEGRATED CARE BOARD
S3H9L,THE HAMPTONS HOSPITAL LTD,QUE,NHS CAMBRIDGESHIRE AND PETERBOROUGH INTEGRATED CARE BOARD
RAS,THE HILLINGDON HOSPITALS NHS FOUNDATION TRUST,QRV,NHS NORTH WEST LONDON INTEGRATED CARE BOARD
NXM01,THE HORDER CENTRE - ST JOHNS ROAD,QNX,NHS SUSSEX INTEGRATED CARE BOARD
NT448,THE HUDDERSFIELD PRIVATE HOSPITAL,QWO,NHS WEST YORKSHIRE INTEGRATED CARE BOARD
NT449,THE LANCASTER PRIVATE HOSPITAL,QE1,NHS LANCASHIRE AND SOUTH CUMBRIA INTEGRATED CARE BOARD
NT450,THE LINCOLN PRIVATE HOSPITAL,QJM,NHS LINCOLNSHIRE INTEGRATED CARE BOARD
DX1,THE NEW FOSCOTE HOSPITAL LTD,QMJ,NHS NORTH CENTRAL LONDON INTEGRATED CARE BOARD
RTD,THE NEWCASTLE UPON TYNE HOSPITALS NHS FOUNDATION TRUST,QHM,NHS NORTH EAST AND NORTH CUMBRIA INTEGRATED CARE BOARD
NTX,THE ONE HEALTH GROUP PLC,QF7,NHS SOUTH YORKSHIRE INTEGRATED CARE BOARD
RQW,THE PRINCESS ALEXANDRA HOSPITAL NHS TRUST,QM7,NHS HERTFORDSHIRE AND WEST ESSEX INTEGRATED CARE BOARD
RCX,"THE QUEEN ELIZABETH HOSPITAL, KING'S LYNN, NHS FOUNDATION TRUST",QMM,NHS NORFOLK AND WAVENEY INTEGRATED CARE BOARD
RL1,THE ROBERT JONES AND AGNES HUNT ORTHOPAEDIC HOSPITAL NHS FOUNDATION TRUST,QOC,"NHS SHROPSHIRE, TELFORD AND WREKIN INTEGRATED CARE BOARD"
RFR,THE ROTHERHAM NHS FOUNDATION TRUST,QF7,NHS SOUTH YORKSHIRE INTEGRATED CARE BOARD
DJH01,THE ROYAL BUCKINGHAMSHIRE HOSPITAL LTD,QU9,"NHS BUCKINGHAMSHIRE, OXFORDSHIRE AND BERKSHIRE WEST INTEGRATED CARE BOARD"
RPY,THE ROYAL MARSDEN NHS FOUNDATION TRUST,QRV,NHS NORTH WEST LONDON INTEGRATED CARE BOARD
RRJ,THE ROYAL ORTHOPAEDIC HOSPITAL NHS FOUNDATION TRUST,QHL,NHS BIRMINGHAM AND SOLIHULL INTEGRATED CARE BOARD
RL4,THE ROYAL WOLVERHAMPTON NHS TRUST,QUA,NHS BLACK COUNTRY INTEGRATED CARE BOARD
RXW,THE SHREWSBURY AND TELFORD HOSPITAL NHS TRUST,QOC,"NHS SHROPSHIRE, TELFORD AND WREKIN INTEGRATED CARE BOARD"
DPK,THE STONEYGATE EYE HOSPITAL,QK1,"NHS LEICESTER, LEICESTERSHIRE AND RUTLAND INTEGRATED CARE BOARD"
RET,THE WALTON CENTRE NHS FOUNDATION TRUST,QYG,NHS CHESHIRE AND MERSEYSIDE INTEGRATED CARE BOARD
NVC44,THE WESTBOURNE CENTRE,QHL,NHS BIRMINGHAM AND SOLIHULL INTEGRATED CARE BOARD
NVC20,THE YORKSHIRE CLINIC,QWO,NHS WEST YORKSHIRE INTEGRATED CARE BOARD
NT440,THORNBURY HOSPITAL,QF7,NHS SOUTH YORKSHIRE INTEGRATED CARE BOARD
NT441,THREE SHIRES HOSPITAL,QPM,NHS NORTHAMPTONSHIRE INTEGRATED CARE BOARD
RA9,TORBAY AND SOUTH DEVON NHS FOUNDATION TRUST,QJK,NHS DEVON INTEGRATED CARE BOARD
NN4,TYNESIDE SURGICAL SERVICES LTD,QHM,NHS NORTH EAST AND NORTH CUMBRIA INTEGRATED CARE BOARD
RWD,UNITED LINCOLNSHIRE HOSPITALS NHS TRUST,QJM,NHS LINCOLNSHIRE INTEGRATED CARE BOARD
RWD,UNITED LINCOLNSHIRE TEACHING HOSPITALS NHS TRUST,QJM,NHS LINCOLNSHIRE INTEGRATED CARE BOARD
RRV,UNIVERSITY COLLEGE LONDON HOSPITALS NHS FOUNDATION TRUST,QMJ,NHS NORTH CENTRAL LONDON INTEGRATED CARE BOARD
RHM,UNIVERSITY HOSPITAL SOUTHAMPTON NHS FOUNDATION TRUST,QRL,NHS HAMPSHIRE AND ISLE OF WIGHT INTEGRATED CARE BOARD
RRK,UNIVERSITY HOSPITALS BIRMINGHAM NHS FOUNDATION TRUST,QHL,NHS BIRMINGHAM AND SOLIHULL INTEGRATED CARE BOARD
RA7,UNIVERSITY HOSPITALS BRISTOL AND WESTON NHS FOUNDATION TRUST,QUY,"NHS BRISTOL, NORTH SOMERSET AND SOUTH GLOUCESTERSHIRE INTEGRATED CARE BOARD"
RKB,UNIVERSITY HOSPITALS COVENTRY AND WARWICKSHIRE NHS TRUST,QWU,NHS COVENTRY AND WARWICKSHIRE INTEGRATED CARE BOARD
R0D,UNIVERSITY HOSPITALS DORSET NHS FOUNDATION TRUST,QVV,NHS DORSET INTEGRATED CARE BOARD
RTG,UNIVERSITY HOSPITALS OF DERBY AND BURTON NHS FOUNDATION TRUST,QJ2,NHS DERBY AND DERBYSHIRE INTEGRATED CARE BOARD
RWE,UNIVERSITY HOSPITALS OF LEICESTER NHS TRUST,QK1,"NHS LEICESTER, LEICESTERSHIRE AND RUTLAND INTEGRATED CARE BOARD"
RTX,UNIVERSITY HOSPITALS OF MORECAMBE BAY NHS FOUNDATION TRUST,QE1,NHS LANCASHIRE AND SOUTH CUMBRIA INTEGRATED CARE BOARD
RJE,UNIVERSITY HOSPITALS OF NORTH MIDLANDS NHS TRUST,QNC,NHS STAFFORDSHIRE AND STOKE-ON-TRENT INTEGRATED CARE BOARD
RK9,UNIVERSITY HOSPITALS PLYMOUTH NHS TRUST,QJK,NHS DEVON INTEGRATED CARE BOARD
RYR,UNIVERSITY HOSPITALS SUSSEX NHS FOUNDATION TRUST,QNX,NHS SUSSEX INTEGRATED CARE BOARD
NRF,UNIVERSITY OF SOUTHAMPTON AUDITORY IMPLANT SERVICE,QRL,NHS HAMPSHIRE AND ISLE OF WIGHT INTEGRATED CARE BOARD
AQK,VERNOVA HEALTHCARE COMMUNITY INTEREST COMPANY,QYG,NHS CHESHIRE AND MERSEYSIDE INTEGRATED CARE BOARD
RBK,WALSALL HEALTHCARE NHS TRUST,QUA,NHS BLACK COUNTRY INTEGRATED CARE BOARD
RWW,WARRINGTON AND HALTON TEACHING HOSPITALS NHS FOUNDATION TRUST,QYG,NHS CHESHIRE AND MERSEYSIDE INTEGRATED CARE BOARD
RWG,WEST HERTFORDSHIRE TEACHING HOSPITALS NHS TRUST,QM7,NHS HERTFORDSHIRE AND WEST ESSEX INTEGRATED CARE BOARD
RKL,WEST LONDON NHS TRUST,QRV,NHS NORTH WEST LONDON INTEGRATED CARE BOARD
NVC21,WEST MIDLANDS HOSPITAL,QUA,NHS BLACK COUNTRY INTEGRATED CARE BOARD
RGR,WEST SUFFOLK NHS FOUNDATION TRUST,QJG,NHS SUFFOLK AND NORTH EAST ESSEX INTEGRATED CARE BOARD
RKE,WHITTINGTON HEALTH NHS TRUST,QMJ,NHS NORTH CENTRAL LONDON INTEGRATED CARE BOARD
NVC22,WINFIELD HOSPITAL,QR1,NHS GLOUCESTERSHIRE INTEGRATED CARE BOARD
NT443,WINTERBOURNE HOSPITAL,QVV,NHS DORSET INTEGRATED CARE BOARD
RBL,WIRRAL UNIVERSITY TEACHING HOSPITAL NHS FOUNDATION TRUST,QYG,NHS CHESHIRE AND MERSEYSIDE INTEGRATED CARE BOARD
NVC23,WOODLAND HOSPITAL,QPM,NHS NORTHAMPTONSHIRE INTEGRATED CARE BOARD
NT457,WOODLANDS HOSPITAL,QHM,NHS NORTH EAST AND NORTH CUMBRIA INTEGRATED CARE BOARD
NVC40,WOODTHORPE HOSPITAL,QT1,NHS NOTTINGHAM AND NOTTINGHAMSHIRE INTEGRATED CARE BOARD
RWP,WORCESTERSHIRE ACUTE HOSPITALS NHS TRUST,QGH,NHS HEREFORDSHIRE AND WORCESTERSHIRE INTEGRATED CARE BOARD
RRF,"WRIGHTINGTON, WIGAN AND LEIGH NHS FOUNDATION TRUST",QOP,NHS GREATER MANCHESTER INTEGRATED CARE BOARD
RRF,"WRIGHTINGTON, WIGAN AND LEIGH TEACHING HOSPITALS NHS FOUNDATION TRUST",QOP,NHS GREATER MANCHESTER INTEGRATED CARE BOARD
RLQ,WYE VALLEY NHS TRUST,QGH,NHS HEREFORDSHIRE AND WORCESTERSHIRE INTEGRATED CARE BOARD
RCB,YORK AND SCARBOROUGH TEACHING HOSPITALS NHS FOUNDATION TRUST,QOQ,NHS HUMBER AND NORTH YORKSHIRE INTEGRATED CARE BOARD
